﻿DigitalOrderItemId,DeliveryPacketId,AffectedItemQuantity,TransactionAmount,BaseCurrencyCode,ClaimCode,FXTransactionAmount,FXCurrencyCode,MonetaryComponentTypeCode,OfferTypeCode
KCK1LABG9OCHN598I3VEUU5NQ6L69CDJ6ELS0K5RD3641LC88VAG,KC71SEJEF8FNDCP1HI20BL19IBTV2GI7BF3DC3S6EVE4GU39FO7G,1,0.0,USD,Not Applicable,Not Applicable,Not Applicable,Tax,Not Applicable
KCK1LABG9OCHN598I3VEUU5NQ6L69CDJ6ELS0K5RD3641LC88VAG,KC71SEJEF8FNDCP1HI20BL19IBTV2GI7BF3DC3S6EVE4GU39FO7G,1,31.59,USD,Not Applicable,Not Applicable,Not Applicable,Price Amount,Not Applicable
18B2B8K6VBESGLVP7BSQMD8DLQ9VHJTLF2INK34D3JG6B2F2H89G,J86F0OTDF76CA2EH867BEIDPUMF315B13HO1MVE73CLK1TR4BVKG,1,16.19,USD,Not Applicable,Not Applicable,Not Applicable,Price Amount,Not Applicable
18B2B8K6VBESGLVP7BSQMD8DLQ9VHJTLF2INK34D3JG6B2F2H89G,J86F0OTDF76CA2EH867BEIDPUMF315B13HO1MVE73CLK1TR4BVKG,1,0.0,USD,Not Applicable,Not Applicable,Not Applicable,Tax,Not Applicable
3IU8QLOVO8G8J8JFNUF0HJFDGTJ6CS41KTJCN6IS35R3OVTO10KG,OC54RFMNB05UH1GKO78SESJDNG8AA9S0N52LEQMI1L3S2NJMGL10,1,29.99,USD,Not Applicable,Not Applicable,Not Applicable,Price Amount,Not Applicable
3IU8QLOVO8G8J8JFNUF0HJFDGTJ6CS41KTJCN6IS35R3OVTO10KG,OC54RFMNB05UH1GKO78SESJDNG8AA9S0N52LEQMI1L3S2NJMGL10,1,0.0,USD,Not Applicable,Not Applicable,Not Applicable,Tax,Not Applicable
784BP7D3FDTOKGEJ3G1TB16BS2LQ4112PC78GVFFAGR39SF87P3G,QR6AT5Q39THP0UU0ULEAK430SF4HV0JK3JMVB2E8IH7EQAF5PEEG,1,0.0,USD,Not Applicable,Not Applicable,Not Applicable,Tax,Not Applicable
784BP7D3FDTOKGEJ3G1TB16BS2LQ4112PC78GVFFAGR39SF87P3G,QR6AT5Q39THP0UU0ULEAK430SF4HV0JK3JMVB2E8IH7EQAF5PEEG,1,35.14,USD,Not Applicable,Not Applicable,Not Applicable,Price Amount,Not Applicable
6PO0CM4EA99IOHTE0IV3MST1G3E4ISMBC26OK3V5MI1A5QFIJQS0,GRBU6ELKAGV14L05PJLL9L565NIK6DE9859FM5Q6B9K9KBOUVVCG,1,0.0,USD,Not Applicable,Not Applicable,Not Applicable,Tax,Not Applicable
6PO0CM4EA99IOHTE0IV3MST1G3E4ISMBC26OK3V5MI1A5QFIJQS0,GRBU6ELKAGV14L05PJLL9L565NIK6DE9859FM5Q6B9K9KBOUVVCG,1,34.67,USD,Not Applicable,Not Applicable,Not Applicable,Price Amount,Not Applicable
NGNK19T1MTLK8OE63TM4PHB5SIH0VIQ3C45CKBMLHLKR18C2865G,OBDOK3BJMVIKSI8OVPSVVH19VSB5F1B20N41NE4B7SHHQ13RLCI0,1,35.99,USD,Not Applicable,Not Applicable,Not Applicable,Price Amount,Not Applicable
NGNK19T1MTLK8OE63TM4PHB5SIH0VIQ3C45CKBMLHLKR18C2865G,OBDOK3BJMVIKSI8OVPSVVH19VSB5F1B20N41NE4B7SHHQ13RLCI0,1,0.0,USD,Not Applicable,Not Applicable,Not Applicable,Tax,Not Applicable
7P7CFVTU1VR8774JU699LNGDH2HCT0U5RE2ASUIH3P0JISSPBD7G,7QANNV64E616SIB2PCRB6HMVN7GE0B2J4V8H4PV7SI2316HRM030,1,0.0,USD,Not Applicable,Not Applicable,Not Applicable,Tax,Not Applicable
7P7CFVTU1VR8774JU699LNGDH2HCT0U5RE2ASUIH3P0JISSPBD7G,7QANNV64E616SIB2PCRB6HMVN7GE0B2J4V8H4PV7SI2316HRM030,1,41.49,USD,Not Applicable,Not Applicable,Not Applicable,Price Amount,Not Applicable
VE22LMO0A6UFQS79BLB82LQ9EB4M4RG5LQRJOJ9IMTPAFT9LDL9G,KHEHFLCFGCDJKHM63UT5JH07O3849HRSO197OS8QJ79RKCI3ILP0,1,43.99,USD,Not Applicable,Not Applicable,Not Applicable,Price Amount,Not Applicable
VE22LMO0A6UFQS79BLB82LQ9EB4M4RG5LQRJOJ9IMTPAFT9LDL9G,KHEHFLCFGCDJKHM63UT5JH07O3849HRSO197OS8QJ79RKCI3ILP0,1,0.0,USD,Not Applicable,Not Applicable,Not Applicable,Tax,Not Applicable
KO3BKB8MEE1OAI6D2KEN4VNHJN75H9J65NGRQR6QHHMC5PO3RDVG,C9GG42H19NMVTPH4HBLST86C6OBC32HLTQJDOLU8S70Q6SFFJV80,1,38.99,USD,Not Applicable,Not Applicable,Not Applicable,Price Amount,Not Applicable
KO3BKB8MEE1OAI6D2KEN4VNHJN75H9J65NGRQR6QHHMC5PO3RDVG,C9GG42H19NMVTPH4HBLST86C6OBC32HLTQJDOLU8S70Q6SFFJV80,1,0.0,USD,Not Applicable,Not Applicable,Not Applicable,Tax,Not Applicable