﻿OrderId,BillingAddress,ShippingAddress,CustomerDeclaredAddress,OrderStatus,Marketplace,IsOrderFreeReplacement,IsOrderAPreorder,DoesOrderDependOnAnotherOrder,CountryCode,OrderDate,RelatedPhysicalOrderId,ShoppingMarketplaceId,PaidByOtherCustomer,MultifactorAuthenticationStatus (depreciated),SubscriptionOrderType,AlternativeOrderProvidingPayment,PaymentInformation,DeliveryPacketId,DeliveryStatus,DeliveryDate,GiftClaimDate,SessionId,UniqueBrowserId
D01-5850568-1971402,"30 W 26TH ST SIXTH FLOOR NEW YORK US 10010-2011","30 W 26TH ST SIXTH FLOOR NEW YORK US 10010-2011",Not Applicable,SUCCESS,www.amazon.com,No,No,No,US,2024-02-07T13:53:00Z,Not Applicable,www.amazon.com,Not Applicable,UNKNOWN,Not Applicable,Not Applicable,Payment Instrument Details Not Available,KC71SEJEF8FNDCP1HI20BL19IBTV2GI7BF3DC3S6EVE4GU39FO7G,Delivery Complete,2024-02-07T13:53:00Z,Not Applicable,135-8011849-0052459,Unknown Browser
D01-0094685-0576254,"30 W 26TH ST SIXTH FLOOR NEW YORK US 10010-2011","30 W 26TH ST SIXTH FLOOR NEW YORK US 10010-2011",Not Applicable,SUCCESS,www.amazon.com,No,No,No,US,2024-02-07T13:50:00Z,Not Applicable,www.amazon.com,Not Applicable,UNKNOWN,Not Applicable,Not Applicable,Payment Instrument Details Not Available,J86F0OTDF76CA2EH867BEIDPUMF315B13HO1MVE73CLK1TR4BVKG,Delivery Complete,2024-02-07T13:50:00Z,Not Applicable,135-8011849-0052459,Unknown Browser
D01-7758058-9501049,"30 W 26TH ST SIXTH FLOOR NEW YORK US 10010-2011","30 W 26TH ST SIXTH FLOOR NEW YORK US 10010-2011",Not Applicable,SUCCESS,www.amazon.com,No,No,No,US,2024-02-07T13:46:00Z,Not Applicable,www.amazon.com,Not Applicable,UNKNOWN,Not Applicable,Not Applicable,Payment Instrument Details Not Available,OC54RFMNB05UH1GKO78SESJDNG8AA9S0N52LEQMI1L3S2NJMGL10,Delivery Complete,2024-02-07T13:46:00Z,Not Applicable,135-8011849-0052459,Unknown Browser
D01-1506707-9654657,"30 W 26TH ST SIXTH FLOOR NEW YORK US 10010-2011","30 W 26TH ST SIXTH FLOOR NEW YORK US 10010-2011",Not Applicable,SUCCESS,www.amazon.com,No,No,No,US,2024-02-07T13:43:00Z,Not Applicable,www.amazon.com,Not Applicable,UNKNOWN,Not Applicable,Not Applicable,Payment Instrument Details Not Available,QR6AT5Q39THP0UU0ULEAK430SF4HV0JK3JMVB2E8IH7EQAF5PEEG,Delivery Complete,2024-02-07T13:43:00Z,Not Applicable,135-8011849-0052459,Unknown Browser
D01-7137191-0781040,"30 W 26TH ST SIXTH FLOOR NEW YORK US 10010-2011","30 W 26TH ST SIXTH FLOOR NEW YORK US 10010-2011",Not Applicable,SUCCESS,www.amazon.com,No,No,No,US,2024-02-07T13:07:00Z,Not Applicable,www.amazon.com,Not Applicable,UNKNOWN,Not Applicable,Not Applicable,Payment Instrument Details Not Available,GRBU6ELKAGV14L05PJLL9L565NIK6DE9859FM5Q6B9K9KBOUVVCG,Delivery Complete,2024-02-07T13:07:00Z,Not Applicable,135-8011849-0052459,Unknown Browser
D01-4591921-4352260,"30 W 26TH ST SIXTH FLOOR NEW YORK US 10010-2011","30 W 26TH ST SIXTH FLOOR NEW YORK US 10010-2011",Not Applicable,SUCCESS,www.amazon.com,No,No,No,US,2024-02-07T12:52:00Z,Not Applicable,www.amazon.com,Not Applicable,UNKNOWN,Not Applicable,Not Applicable,Payment Instrument Details Not Available,OBDOK3BJMVIKSI8OVPSVVH19VSB5F1B20N41NE4B7SHHQ13RLCI0,Delivery Complete,2024-02-07T12:52:00Z,Not Applicable,135-8011849-0052459,Unknown Browser
D01-1480178-4406639,"30 W 26TH ST SIXTH FLOOR NEW YORK US 10010-2011","30 W 26TH ST SIXTH FLOOR NEW YORK US 10010-2011",Not Applicable,SUCCESS,www.amazon.com,No,No,No,US,2024-02-07T12:52:00Z,Not Applicable,www.amazon.com,Not Applicable,UNKNOWN,Not Applicable,Not Applicable,Payment Instrument Details Not Available,7QANNV64E616SIB2PCRB6HMVN7GE0B2J4V8H4PV7SI2316HRM030,Delivery Complete,2024-02-07T12:52:00Z,Not Applicable,135-8011849-0052459,Unknown Browser
D01-1846137-8813066,"30 W 26TH ST SIXTH FLOOR NEW YORK US 10010-2011","30 W 26TH ST SIXTH FLOOR NEW YORK US 10010-2011",Not Applicable,SUCCESS,www.amazon.com,No,No,No,US,2024-02-07T12:51:00Z,Not Applicable,www.amazon.com,Not Applicable,UNKNOWN,Not Applicable,Not Applicable,Payment Instrument Details Not Available,KHEHFLCFGCDJKHM63UT5JH07O3849HRSO197OS8QJ79RKCI3ILP0,Delivery Complete,2024-02-07T12:51:00Z,Not Applicable,135-8011849-0052459,Unknown Browser
D01-7809941-8374643,"30 W 26TH ST SIXTH FLOOR NEW YORK US 10010-2011","30 W 26TH ST SIXTH FLOOR NEW YORK US 10010-2011",Not Applicable,SUCCESS,www.amazon.com,No,No,No,US,2024-02-07T10:18:00Z,Not Applicable,www.amazon.com,Not Applicable,UNKNOWN,Not Applicable,Not Applicable,Payment Instrument Details Not Available,C9GG42H19NMVTPH4HBLST86C6OBC32HLTQJDOLU8S70Q6SFFJV80,Delivery Complete,2024-02-07T10:18:00Z,Not Applicable,135-8011849-0052459,Unknown Browser