﻿ASIN,ProductName,OrderId,DigitalOrderItemId,DeclaredCountryCode,BaseCurrencyCode,FulfilledDate,IsFulfilled,Marketplace,OrderDate,OriginalQuantity,OurPrice,OurPriceCurrencyCode,OurPriceTax,OurPriceTaxCurrencyCode,SellerOfRecord,Publisher,ThirdPartyDisplayPrice,ThirdPartyDisplayCurrencyCode,ListPriceAmount,ListPriceCurrencyCode,ListPriceTaxAmount,ListPriceTaxCurrencyCode,GiftItem,OrderingCustomerNickname,GiftCustomerNickname,GiftMessage,GiftEmail,RecipientEmail,GiftRedemption,ItemMergedFromAnotherOrder,QuantityOrdered,ItemFulfilled,ShipFrom,ShipTo,IsOrderEligibleForPrimeBenefit,OfferingSKU,FulfillmentMobileNumber,RechargeAmount,RechargeAmountCurrencyCode,SubscriptionOrderInfoList,PreviouslyPaidDigitalOrderItemId,PreviouslyPaidOrderId,InstallmentOurPrice,InstallmentOurPricePlusTax,DigitalOrderItemAttributes,InstallmentOurPriceCurrencyCode,InstallmentOurPricePlusTaxCurrencyCode
B0C4VBY5D3,"Inside the Machine Learning Interview: 151 Real Questions from FAANG and How to Answer Them",D01-5850568-1971402,KCK1LABG9OCHN598I3VEUU5NQ6L69CDJ6ELS0K5RD3641LC88VAG,US,USD,2024-02-07T13:53:00Z,Yes,www.amazon.com,2024-02-07T13:53:00Z,1,31.59,USD,Not Applicable,Not Applicable,"Amazon.com Services, Inc",Not Applicable,Not Applicable,Not Applicable,31.59,USD,31.59,USD,No,Not Applicable,Not Applicable,Not Applicable,Not Applicable,Not Applicable,Not Applicable,Not Applicable,1,Yes,Not Applicable,Not Applicable,Yes,Not Applicable,Not Applicable,Not Applicable,Not Applicable,Not Applicable,Not Applicable,Not Applicable,Not Applicable,Not Applicable,Not Applicable,Not Applicable,Not Applicable
B0CCTZMFWF,"Quick Start Guide to Large Language Models: Strategies and Best Practices for Using ChatGPT and Other LLMs (Addison-Wesley Data & Analytics Series)",D01-0094685-0576254,18B2B8K6VBESGLVP7BSQMD8DLQ9VHJTLF2INK34D3JG6B2F2H89G,US,USD,2024-02-07T13:50:00Z,Yes,www.amazon.com,2024-02-07T13:50:00Z,1,16.19,USD,Not Applicable,Not Applicable,"Amazon.com Services, Inc",Not Applicable,Not Applicable,Not Applicable,29.99,USD,29.99,USD,No,Not Applicable,Not Applicable,Not Applicable,Not Applicable,Not Applicable,Not Applicable,Not Applicable,1,Yes,Not Applicable,Not Applicable,Yes,Not Applicable,Not Applicable,Not Applicable,Not Applicable,Not Applicable,Not Applicable,Not Applicable,Not Applicable,Not Applicable,Not Applicable,Not Applicable,Not Applicable
B0BXXQJC2D,"Machine Learning Engineering with Python: Manage the lifecycle of machine learning models using MLOps with practical examples",D01-7758058-9501049,3IU8QLOVO8G8J8JFNUF0HJFDGTJ6CS41KTJCN6IS35R3OVTO10KG,US,USD,2024-02-07T13:46:00Z,Yes,www.amazon.com,2024-02-07T13:46:00Z,1,29.99,USD,Not Applicable,Not Applicable,"Amazon.com Services, Inc",Not Applicable,Not Applicable,Not Applicable,39.99,USD,39.99,USD,No,Not Applicable,Not Applicable,Not Applicable,Not Applicable,Not Applicable,Not Applicable,Not Applicable,1,Yes,Not Applicable,Not Applicable,Yes,Not Applicable,Not Applicable,Not Applicable,Not Applicable,Not Applicable,Not Applicable,Not Applicable,Not Applicable,Not Applicable,Not Applicable,Not Applicable,Not Applicable
B08L8GRRBM,"Machine Learning Design Patterns: Solutions to Common Challenges in Data Preparation, Model Building, and MLOps",D01-1506707-9654657,784BP7D3FDTOKGEJ3G1TB16BS2LQ4112PC78GVFFAGR39SF87P3G,US,USD,2024-02-07T13:43:00Z,Yes,www.amazon.com,2024-02-07T13:43:00Z,1,35.14,USD,Not Applicable,Not Applicable,"Amazon.com Services, Inc",Not Applicable,Not Applicable,Not Applicable,56.99,USD,56.99,USD,No,Not Applicable,Not Applicable,Not Applicable,Not Applicable,Not Applicable,Not Applicable,Not Applicable,1,Yes,Not Applicable,Not Applicable,Yes,Not Applicable,Not Applicable,Not Applicable,Not Applicable,Not Applicable,Not Applicable,Not Applicable,Not Applicable,Not Applicable,Not Applicable,Not Applicable,Not Applicable
B0B1LGL2SR,"Designing Machine Learning Systems: An Iterative Process for Production-Ready Applications",D01-7137191-0781040,6PO0CM4EA99IOHTE0IV3MST1G3E4ISMBC26OK3V5MI1A5QFIJQS0,US,USD,2024-02-07T13:07:00Z,Yes,www.amazon.com,2024-02-07T13:07:00Z,1,34.67,USD,Not Applicable,Not Applicable,"Amazon.com Services, Inc",Not Applicable,Not Applicable,Not Applicable,56.99,USD,56.99,USD,No,Not Applicable,Not Applicable,Not Applicable,Not Applicable,Not Applicable,Not Applicable,Not Applicable,1,Yes,Not Applicable,Not Applicable,Yes,Not Applicable,Not Applicable,Not Applicable,Not Applicable,Not Applicable,Not Applicable,Not Applicable,Not Applicable,Not Applicable,Not Applicable,Not Applicable,Not Applicable
B095C1HDDT,"Learning Deep Learning: Theory and Practice of Neural Networks, Computer Vision, Natural Language Processing, and Transformers Using TensorFlow",D01-4591921-4352260,NGNK19T1MTLK8OE63TM4PHB5SIH0VIQ3C45CKBMLHLKR18C2865G,US,USD,2024-02-07T12:52:00Z,Yes,www.amazon.com,2024-02-07T12:52:00Z,1,35.99,USD,Not Applicable,Not Applicable,"Amazon.com Services, Inc",Not Applicable,Not Applicable,Not Applicable,47.99,USD,47.99,USD,No,Not Applicable,Not Applicable,Not Applicable,Not Applicable,Not Applicable,Not Applicable,Not Applicable,1,Yes,Not Applicable,Not Applicable,Yes,Not Applicable,Not Applicable,Not Applicable,Not Applicable,Not Applicable,Not Applicable,Not Applicable,Not Applicable,Not Applicable,Not Applicable,Not Applicable,Not Applicable
B09JCCCJ3D,"Deep Learning in Practice",D01-1480178-4406639,7P7CFVTU1VR8774JU699LNGDH2HCT0U5RE2ASUIH3P0JISSPBD7G,US,USD,2024-02-07T12:52:00Z,Yes,www.amazon.com,2024-02-07T12:52:00Z,1,41.49,USD,Not Applicable,Not Applicable,"Amazon.com Services, Inc",Not Applicable,Not Applicable,Not Applicable,54.95,USD,54.95,USD,No,Not Applicable,Not Applicable,Not Applicable,Not Applicable,Not Applicable,Not Applicable,Not Applicable,1,Yes,Not Applicable,Not Applicable,Yes,Not Applicable,Not Applicable,Not Applicable,Not Applicable,Not Applicable,Not Applicable,Not Applicable,Not Applicable,Not Applicable,Not Applicable,Not Applicable,Not Applicable
B09DZ5TGQS,"Deep Learning Patterns and Practices",D01-1846137-8813066,VE22LMO0A6UFQS79BLB82LQ9EB4M4RG5LQRJOJ9IMTPAFT9LDL9G,US,USD,2024-02-07T12:51:00Z,Yes,www.amazon.com,2024-02-07T12:51:00Z,1,43.99,USD,Not Applicable,Not Applicable,"Simon &amp; Schuster Digital Sales Inc.",Not Applicable,Not Applicable,Not Applicable,43.99,USD,43.99,USD,No,Not Applicable,Not Applicable,Not Applicable,Not Applicable,Not Applicable,Not Applicable,Not Applicable,1,Yes,Not Applicable,Not Applicable,Yes,Not Applicable,Not Applicable,Not Applicable,Not Applicable,Not Applicable,Not Applicable,Not Applicable,Not Applicable,Not Applicable,Not Applicable,Not Applicable,Not Applicable
B0977ZRV1J,"Deep Learning with Python",D01-7809941-8374643,KO3BKB8MEE1OAI6D2KEN4VNHJN75H9J65NGRQR6QHHMC5PO3RDVG,US,USD,2024-02-07T10:19:00Z,Yes,www.amazon.com,2024-02-07T10:18:00Z,1,38.99,USD,Not Applicable,Not Applicable,"Simon &amp; Schuster Digital Sales Inc.",Not Applicable,Not Applicable,Not Applicable,38.99,USD,38.99,USD,No,Not Applicable,Not Applicable,Not Applicable,Not Applicable,Not Applicable,Not Applicable,Not Applicable,1,Yes,Not Applicable,Not Applicable,Yes,Not Applicable,Not Applicable,Not Applicable,Not Applicable,Not Applicable,Not Applicable,Not Applicable,Not Applicable,Not Applicable,Not Applicable,Not Applicable,Not Applicable