﻿OrderId,PaymentCode,PaymentInformation,IsActive,PaymentAmount,BaseCurrencyCode,ForeignExchangeRate,ForeignExchangeCurrencyCode,AmountPaidFromAmazonAccount
D01-5850568-1971402,Credit Card,Not Available,No,Not Applicable,Not Applicable,Not Applicable,Not Applicable,Not Applicable
D01-5850568-1971402,Credit Card,Not Available,Yes,Not Applicable,Not Applicable,Not Applicable,Not Applicable,Not Applicable
D01-5850568-1971402,Gift Card,Not Applicable,Yes,Not Applicable,Not Applicable,Not Applicable,Not Applicable,Not Applicable
D01-0094685-0576254,Credit Card,Not Available,Yes,Not Applicable,Not Applicable,Not Applicable,Not Applicable,Not Applicable
D01-7758058-9501049,Credit Card,Not Available,Yes,Not Applicable,Not Applicable,Not Applicable,Not Applicable,Not Applicable
D01-1506707-9654657,Credit Card,Not Available,Yes,Not Applicable,Not Applicable,Not Applicable,Not Applicable,Not Applicable
D01-7137191-0781040,Credit Card,Not Available,Yes,Not Applicable,Not Applicable,Not Applicable,Not Applicable,Not Applicable
D01-4591921-4352260,Credit Card,Not Available,Yes,Not Applicable,Not Applicable,Not Applicable,Not Applicable,Not Applicable
D01-1480178-4406639,Credit Card,Not Available,Yes,Not Applicable,Not Applicable,Not Applicable,Not Applicable,Not Applicable
D01-1846137-8813066,Credit Card,Not Available,Yes,Not Applicable,Not Applicable,Not Applicable,Not Applicable,Not Applicable
D01-7809941-8374643,Credit Card,Not Available,Yes,Not Applicable,Not Applicable,Not Applicable,Not Applicable,Not Applicable