﻿"DateAddedToCart","Source","ASIN","CartDomain","CartList","Quantity","OneClickBuyable","ToBeGiftWrapped","PrimeSubscription","Pantry","AddOn"
"2024-05-17T14:03:45.221Z","Retail","B0BS4BP8FB","Not Applicable","active","1","Yes","No","No","No","No"
"2024-02-07T13:43:10.420Z","Retail","1098115783","Not Applicable","active","1","Yes","No","No","No","No"
"2024-02-07T13:39:28.328Z","Retail","1736049127","Not Applicable","active","1","Yes","No","No","No","No"
"2024-02-07T13:37:44.087Z","Retail","1098107969","Not Applicable","active","1","Yes","No","No","No","No"
"2024-02-04T18:26:43.963Z","Retail","1617298263","Not Applicable","active","1","Yes","No","No","No","No"
"2024-02-04T18:26:31.225Z","Retail","0367458624","Not Applicable","active","1","Yes","No","No","No","No"
"2024-02-04T18:26:13.475Z","Retail","1617294438","Not Applicable","active","1","Yes","No","No","No","No"
"2024-02-04T18:25:45.161Z","Retail","0137470355","Not Applicable","active","1","Yes","No","No","No","No"
